"学号","名字","性别","成绩","父亲","母亲"
"1","TrollpoeCaesar","F","100","ChaucerBeck","NahumBing"
"2","HughesBill","F","100","BartonZora","DanBeryl"
"3","VioletPhoebe","M","100","EmilyIna","TrollpoeCaesar"
"4","BartonZora","F","100","CrichtonSibyl","FitzGeraldHamiltion"
"104","HoyleTaylor","F","67","DanBeryl","MarionQuintina"
"105","VioletPhoebe","F","23","GreshamPenelope","NahumBing"
"106","DanBeryl","F","22","EdmundHeloise","DanBeryl"
"107","GreshamPenelope","M","56","HoyleTaylor","MarionQuintina"
"108","DanBeryl","M","21","TrollpoeCaesar","ChristopherScott"
"109","AdamAlbert","F","24","NahumBing","VioletPhoebe"
"110","ChaucerBeck","F","91","Bishop","CrichtonSibyl"
"111","ChaucerBeck","F","70","CrichtonSibyl","BartonZora"
"112","HughesBill","M","84","GreshamPenelope","CrichtonSibyl"
"113","HughesBill","F","29","ChaucerBeck","AdamAlbert"
"114","ChristopherScott","M","82","HughesBill","BruceGustave"
"115","GreshamPenelope","F","64","EmilyIna","VioletPhoebe"
"116","GreshamPenelope","F","76","EdmundHeloise","DunlopSean"
"117","ChristopherScott","M","51","BruceGustave","TrollpoeCaesar"
"118","FitzGeraldHamiltion","F","76","DunlopSean","TrollpoeCaesar"
"119","FitzGeraldHamiltion","F","86","BruceGustave","TrollpoeCaesar"
"120","NahumBing","F","34","EdmundHeloise","GreshamPenelope"
"121","BartonZora","M","2","AdamAlbert","FitzGeraldHamiltion"
"122","FitzGeraldHamiltion","F","1","Bishop","FordRon"
"123","BartonZora","M","89","ChristopherScott","TrollpoeCaesar"
"124","Bishop","M","31","AdamAlbert","AdamAlbert"
"125","HoyleTaylor","M","75","DanBeryl","GreshamPenelope"
"126","GreshamPenelope","F","97","ChaucerBeck","FordRon"
"127","HughesBill","F","83","TrollpoeCaesar","ChristopherScott"
"128","DunlopSean","M","32","DanBeryl","EmilyIna"
"129","TrollpoeCaesar","F","68","DunlopSean","NahumBing"
"130","Bishop","M","96","EmilyIna","EdmundHeloise"
"131","HughesBill","F","51","BartonZora","NahumBing"
"132","TrollpoeCaesar","F","64","DunlopSean","BartonZora"
"133","VioletPhoebe","M","0","BruceGustave","ChristopherScott"
"134","ChristopherScott","F","87","CrichtonSibyl","EmilyIna"
"135","HoyleTaylor","M","65","TrollpoeCaesar","CrichtonSibyl"
"136","FitzGeraldHamiltion","M","37","DunlopSean","NahumBing"
"137","GreshamPenelope","F","21","EdmundHeloise","NahumBing"
"138","DanBeryl","M","35","ChaucerBeck","EdmundHeloise"
"139","DunlopSean","M","11","DunlopSean","DanBeryl"
"140","CrichtonSibyl","F","43","EmilyIna","ChaucerBeck"
"141","EdmundHeloise","F","40","ChristopherScott","EdmundHeloise"
"142","DunlopSean","F","69","AdamAlbert","AdamAlbert"
"143","CrichtonSibyl","F","43","VioletPhoebe","EmilyIna"
"144","VioletPhoebe","M","72","HughesBill","ChristopherScott"
"145","VioletPhoebe","M","39","BruceGustave","FordRon"
"146","DanBeryl","F","42","ChristopherScott","AdamAlbert"
"147","GreshamPenelope","M","4","DunlopSean","HoyleTaylor"
"148","MarionQuintina","F","99","EmilyIna","FordRon"
"149","DunlopSean","F","22","HoyleTaylor","VioletPhoebe"
"150","HughesBill","M","61","VioletPhoebe","EdmundHeloise"
"151","HughesBill","F","36","ChristopherScott","FordRon"
"152","MarionQuintina","M","8","CrichtonSibyl","MarionQuintina"
"153","EdmundHeloise","F","37","MarionQuintina","ChristopherScott"
"154","Bishop","F","52","TrollpoeCaesar","TrollpoeCaesar"
"155","VioletPhoebe","F","71","ChaucerBeck","HoyleTaylor"
"156","BartonZora","F","33","BruceGustave","Bishop"
"157","EmilyIna","M","81","TrollpoeCaesar","CrichtonSibyl"
"158","TrollpoeCaesar","M","13","DunlopSean","VioletPhoebe"
"159","NahumBing","F","66","ChristopherScott","Bishop"
"160","VioletPhoebe","F","76","MarionQuintina","CrichtonSibyl"
"161","GreshamPenelope","M","56","TrollpoeCaesar","EdmundHeloise"
"162","GreshamPenelope","F","48","FitzGeraldHamiltion","TrollpoeCaesar"
"163","DanBeryl","F","10","MarionQuintina","GreshamPenelope"
"164","FordRon","M","13","FitzGeraldHamiltion","BartonZora"
"165","NahumBing","M","99","BartonZora","ChristopherScott"
"166","TrollpoeCaesar","M","40","GreshamPenelope","HughesBill"
"167","DunlopSean","M","50","ChristopherScott","EdmundHeloise"
"168","Bishop","F","22","DanBeryl","CrichtonSibyl"
"169","BartonZora","F","84","FitzGeraldHamiltion","FitzGeraldHamiltion"
"170","FitzGeraldHamiltion","F","25","HughesBill","MarionQuintina"
"171","TrollpoeCaesar","F","42","EdmundHeloise","ChaucerBeck"
"172","EdmundHeloise","F","24","VioletPhoebe","DanBeryl"
"173","BartonZora","M","36","FitzGeraldHamiltion","NahumBing"
"174","BruceGustave","F","79","DanBeryl","ChaucerBeck"
"175","CrichtonSibyl","F","55","Bishop","MarionQuintina"
"176","TrollpoeCaesar","F","93","HughesBill","BartonZora"
"177","GreshamPenelope","F","13","BartonZora","BruceGustave"
"178","FordRon","M","44","MarionQuintina","MarionQuintina"
"179","FordRon","F","21","MarionQuintina","DunlopSean"
"180","DunlopSean","M","72","DunlopSean","EdmundHeloise"
"181","EdmundHeloise","F","8","ChaucerBeck","DunlopSean"
"182","EmilyIna","M","33","DunlopSean","VioletPhoebe"
"183","BruceGustave","M","46","DunlopSean","DanBeryl"
"184","Bishop","F","88","AdamAlbert","DanBeryl"
"185","VioletPhoebe","M","33","EmilyIna","AdamAlbert"
"186","ChaucerBeck","F","86","HughesBill","FitzGeraldHamiltion"
"187","CrichtonSibyl","M","88","AdamAlbert","DanBeryl"
"188","CrichtonSibyl","F","14","BartonZora","Bishop"
"189","ChristopherScott","F","27","VioletPhoebe","DunlopSean"
"190","CrichtonSibyl","F","94","AdamAlbert","TrollpoeCaesar"
"191","EmilyIna","M","2","DunlopSean","EmilyIna"
"192","Bishop","M","47","EdmundHeloise","TrollpoeCaesar"
"193","HoyleTaylor","M","34","TrollpoeCaesar","FitzGeraldHamiltion"
"194","NahumBing","M","4","DanBeryl","DanBeryl"
"195","ChristopherScott","M","29","EmilyIna","NahumBing"
"196","AdamAlbert","F","38","HoyleTaylor","DanBeryl"
"197","DanBeryl","M","88","FitzGeraldHamiltion","NahumBing"
"198","EmilyIna","F","29","VioletPhoebe","MarionQuintina"
"199","Bishop","M","69","FordRon","FitzGeraldHamiltion"
"200","BartonZora","F","60","AdamAlbert","EmilyIna"
"201","BartonZora","M","9","VioletPhoebe","HughesBill"
"202","CrichtonSibyl","M","77","BruceGustave","VioletPhoebe"
"203","FordRon","F","57","BruceGustave","DunlopSean"
"204","HughesBill","F","12","FordRon","Bishop"
"205","FordRon","F","94","CrichtonSibyl","FitzGeraldHamiltion"
"206","EdmundHeloise","M","46","VioletPhoebe","GreshamPenelope"
"207","VioletPhoebe","M","80","HoyleTaylor","ChaucerBeck"
"208","AdamAlbert","M","12","FordRon","BruceGustave"
"209","NahumBing","F","90","FitzGeraldHamiltion","TrollpoeCaesar"
"210","VioletPhoebe","M","89","BruceGustave","NahumBing"
"211","BartonZora","F","33","GreshamPenelope","DunlopSean"
"212","EdmundHeloise","F","70","ChristopherScott","CrichtonSibyl"
"213","AdamAlbert","F","60","DanBeryl","AdamAlbert"
"214","HughesBill","M","17","EdmundHeloise","HughesBill"
"215","EmilyIna","M","58","ChaucerBeck","AdamAlbert"
"216","DanBeryl","M","7","EdmundHeloise","AdamAlbert"
"217","BruceGustave","M","29","Bishop","TrollpoeCaesar"
"218","EdmundHeloise","F","25","DunlopSean","BruceGustave"
"219","ChaucerBeck","M","81","ChaucerBeck","EdmundHeloise"
"220","VioletPhoebe","M","17","TrollpoeCaesar","DanBeryl"
"221","EmilyIna","F","94","ChaucerBeck","GreshamPenelope"
"222","HoyleTaylor","F","82","VioletPhoebe","FitzGeraldHamiltion"
"223","HoyleTaylor","M","15","BartonZora","AdamAlbert"
"224","BruceGustave","M","47","HoyleTaylor","HoyleTaylor"
"225","BartonZora","M","40","BruceGustave","VioletPhoebe"
"226","EdmundHeloise","M","81","CrichtonSibyl","CrichtonSibyl"
"227","MarionQuintina","M","39","CrichtonSibyl","ChristopherScott"
"228","EdmundHeloise","F","18","BartonZora","VioletPhoebe"
"229","MarionQuintina","F","79","AdamAlbert","HughesBill"
"230","CrichtonSibyl","F","76","EmilyIna","GreshamPenelope"
"231","TrollpoeCaesar","M","44","TrollpoeCaesar","HoyleTaylor"
"232","GreshamPenelope","F","36","Bishop","EdmundHeloise"
"233","HughesBill","M","49","ChristopherScott","HoyleTaylor"
"234","HughesBill","F","91","NahumBing","NahumBing"
"235","BruceGustave","M","68","ChaucerBeck","EdmundHeloise"
"236","HughesBill","F","22","MarionQuintina","AdamAlbert"
"237","VioletPhoebe","M","74","FordRon","ChaucerBeck"
"238","FordRon","M","43","BruceGustave","BruceGustave"
"239","ChaucerBeck","M","77","MarionQuintina","NahumBing"
"240","DunlopSean","M","10","FitzGeraldHamiltion","BruceGustave"
"241","AdamAlbert","F","35","AdamAlbert","HoyleTaylor"
"242","ChaucerBeck","M","73","DunlopSean","HughesBill"
"243","HoyleTaylor","F","18","AdamAlbert","CrichtonSibyl"
"244","EmilyIna","M","90","EdmundHeloise","VioletPhoebe"
"245","ChristopherScott","M","61","ChaucerBeck","HughesBill"
"246","DanBeryl","M","4","HoyleTaylor","HughesBill"
"247","VioletPhoebe","F","3","HughesBill","FordRon"
"248","NahumBing","M","49","Bishop","GreshamPenelope"
"249","FordRon","M","77","CrichtonSibyl","BartonZora"
"250","HughesBill","F","36","NahumBing","VioletPhoebe"
"251","EdmundHeloise","M","42","FitzGeraldHamiltion","CrichtonSibyl"
"252","TrollpoeCaesar","M","70","ChristopherScott","FitzGeraldHamiltion"
"253","GreshamPenelope","F","40","EmilyIna","FitzGeraldHamiltion"
"254","EdmundHeloise","F","63","GreshamPenelope","VioletPhoebe"
"255","VioletPhoebe","M","14","TrollpoeCaesar","MarionQuintina"
"256","GreshamPenelope","F","82","NahumBing","FitzGeraldHamiltion"
"257","ChristopherScott","F","43","EdmundHeloise","FordRon"
"258","Bishop","F","59","MarionQuintina","MarionQuintina"
"259","EmilyIna","M","48","EmilyIna","ChristopherScott"
"260","FitzGeraldHamiltion","F","54","NahumBing","BartonZora"
"261","AdamAlbert","M","47","HoyleTaylor","CrichtonSibyl"
"262","DanBeryl","F","1","EmilyIna","ChaucerBeck"
"263","ChaucerBeck","M","59","DunlopSean","FordRon"
"264","AdamAlbert","F","84","DunlopSean","BruceGustave"
"265","EdmundHeloise","M","76","EdmundHeloise","NahumBing"
"266","FitzGeraldHamiltion","M","89","TrollpoeCaesar","FordRon"
"267","VioletPhoebe","F","24","DanBeryl","TrollpoeCaesar"
"268","Bishop","F","9","ChaucerBeck","BartonZora"
"269","BruceGustave","F","89","FordRon","GreshamPenelope"
"270","GreshamPenelope","M","87","HoyleTaylor","FitzGeraldHamiltion"
"271","MarionQuintina","M","75","VioletPhoebe","TrollpoeCaesar"
"272","VioletPhoebe","F","50","HoyleTaylor","ChaucerBeck"
"273","AdamAlbert","F","81","BartonZora","EmilyIna"
"274","Bishop","M","82","BartonZora","GreshamPenelope"
"275","NahumBing","F","25","ChristopherScott","MarionQuintina"
"276","FitzGeraldHamiltion","M","97","FitzGeraldHamiltion","BruceGustave"
"277","BartonZora","F","15","AdamAlbert","DunlopSean"
"278","NahumBing","M","62","AdamAlbert","EmilyIna"
"279","CrichtonSibyl","F","77","DanBeryl","GreshamPenelope"
"280","FitzGeraldHamiltion","F","21","FordRon","EmilyIna"
"281","Bishop","F","11","HughesBill","FordRon"
"282","HughesBill","F","90","EmilyIna","BruceGustave"
"283","CrichtonSibyl","F","20","FitzGeraldHamiltion","HughesBill"
"284","DunlopSean","M","25","VioletPhoebe","CrichtonSibyl"
"285","Bishop","F","43","AdamAlbert","DunlopSean"
"286","MarionQuintina","M","10","NahumBing","DunlopSean"
"287","HughesBill","M","70","AdamAlbert","ChaucerBeck"
"288","DunlopSean","F","83","VioletPhoebe","AdamAlbert"
"289","AdamAlbert","M","26","DanBeryl","HoyleTaylor"
"290","HoyleTaylor","M","10","DunlopSean","TrollpoeCaesar"
"291","EdmundHeloise","F","10","ChaucerBeck","AdamAlbert"
"292","VioletPhoebe","F","99","FitzGeraldHamiltion","HoyleTaylor"
"293","GreshamPenelope","M","99","AdamAlbert","FordRon"
"294","FitzGeraldHamiltion","M","41","NahumBing","DunlopSean"
"295","EdmundHeloise","F","95","CrichtonSibyl","HughesBill"
"296","FordRon","F","54","DunlopSean","DunlopSean"
"297","ChaucerBeck","F","97","NahumBing","FitzGeraldHamiltion"
"298","BruceGustave","M","0","HughesBill","AdamAlbert"
"299","EmilyIna","F","27","MarionQuintina","BartonZora"
"300","ChaucerBeck","F","39","BruceGustave","BartonZora"
"301","TrollpoeCaesar","M","57","BruceGustave","BartonZora"
"302","MarionQuintina","F","41","CrichtonSibyl","FitzGeraldHamiltion"
"303","VioletPhoebe","F","82","TrollpoeCaesar","AdamAlbert"
"304","BruceGustave","M","15","FordRon","HoyleTaylor"
"305","ChristopherScott","F","63","HoyleTaylor","FitzGeraldHamiltion"
"306","AdamAlbert","M","59","DunlopSean","HoyleTaylor"
"307","Bishop","M","56","VioletPhoebe","BartonZora"
"308","VioletPhoebe","F","65","HoyleTaylor","DanBeryl"
"309","AdamAlbert","M","83","HoyleTaylor","FitzGeraldHamiltion"
"310","Bishop","F","38","GreshamPenelope","ChristopherScott"
"311","DanBeryl","F","54","ChristopherScott","NahumBing"
"312","TrollpoeCaesar","M","12","EdmundHeloise","DanBeryl"
"313","CrichtonSibyl","F","56","ChristopherScott","Bishop"
"314","DanBeryl","F","65","BruceGustave","FordRon"
"315","FordRon","M","39","DanBeryl","NahumBing"
"316","FitzGeraldHamiltion","M","93","VioletPhoebe","DanBeryl"
"317","DanBeryl","M","73","ChristopherScott","NahumBing"
"318","DunlopSean","M","77","ChaucerBeck","ChaucerBeck"
"319","EdmundHeloise","M","55","NahumBing","ChaucerBeck"
"320","DunlopSean","F","60","ChaucerBeck","EmilyIna"
"321","FordRon","M","58","AdamAlbert","Bishop"
"322","HughesBill","M","61","VioletPhoebe","EmilyIna"
"323","VioletPhoebe","F","54","NahumBing","ChristopherScott"
"324","MarionQuintina","F","59","TrollpoeCaesar","DanBeryl"
"325","ChristopherScott","M","38","HoyleTaylor","CrichtonSibyl"
"326","EmilyIna","M","33","EmilyIna","ChristopherScott"
"327","CrichtonSibyl","M","75","FordRon","HoyleTaylor"
"328","GreshamPenelope","F","92","DanBeryl","MarionQuintina"
"329","DunlopSean","M","2","BruceGustave","GreshamPenelope"
"330","EdmundHeloise","F","83","AdamAlbert","GreshamPenelope"
"331","FitzGeraldHamiltion","M","57","MarionQuintina","HughesBill"
"332","ChaucerBeck","M","96","EdmundHeloise","BartonZora"
"333","ChaucerBeck","F","74","Bishop","ChaucerBeck"
"334","HughesBill","F","5","VioletPhoebe","DanBeryl"
"335","TrollpoeCaesar","F","60","MarionQuintina","ChristopherScott"
"336","TrollpoeCaesar","F","41","MarionQuintina","VioletPhoebe"
"337","Bishop","F","83","DanBeryl","Bishop"
"338","DunlopSean","M","38","AdamAlbert","ChaucerBeck"
"339","HoyleTaylor","F","20","HughesBill","VioletPhoebe"
"340","ChaucerBeck","M","38","VioletPhoebe","BartonZora"
"341","GreshamPenelope","M","71","Bishop","EmilyIna"
"342","NahumBing","M","24","DunlopSean","BruceGustave"
"343","FordRon","M","32","DanBeryl","VioletPhoebe"
"344","ChaucerBeck","F","33","EmilyIna","GreshamPenelope"
"345","TrollpoeCaesar","F","49","TrollpoeCaesar","HoyleTaylor"
"346","TrollpoeCaesar","F","42","VioletPhoebe","FordRon"
"347","NahumBing","M","15","FordRon","BartonZora"
"348","HoyleTaylor","F","33","GreshamPenelope","MarionQuintina"
"349","GreshamPenelope","M","43","TrollpoeCaesar","MarionQuintina"
"350","BruceGustave","F","24","TrollpoeCaesar","TrollpoeCaesar"
"351","EmilyIna","F","53","FitzGeraldHamiltion","DanBeryl"
"352","HughesBill","F","33","TrollpoeCaesar","BruceGustave"
"353","TrollpoeCaesar","M","35","GreshamPenelope","ChaucerBeck"
"354","DanBeryl","F","87","MarionQuintina","AdamAlbert"
"355","MarionQuintina","M","10","HughesBill","Bishop"
"356","ChristopherScott","M","57","DanBeryl","EmilyIna"
"357","CrichtonSibyl","F","21","MarionQuintina","HughesBill"
"358","EmilyIna","M","61","DunlopSean","EdmundHeloise"
"359","GreshamPenelope","F","45","MarionQuintina","GreshamPenelope"
"360","TrollpoeCaesar","M","89","FordRon","ChaucerBeck"
"361","FordRon","F","94","CrichtonSibyl","FordRon"
"362","GreshamPenelope","F","17","ChristopherScott","BartonZora"
"363","Bishop","F","66","BruceGustave","BruceGustave"
"364","EmilyIna","M","33","ChristopherScott","AdamAlbert"
"365","FitzGeraldHamiltion","M","17","DanBeryl","HughesBill"
"366","CrichtonSibyl","F","69","HughesBill","NahumBing"
"367","MarionQuintina","M","95","DanBeryl","TrollpoeCaesar"
"368","BartonZora","F","52","HoyleTaylor","Bishop"
"369","HughesBill","M","72","HoyleTaylor","DanBeryl"
"370","GreshamPenelope","F","78","FitzGeraldHamiltion","VioletPhoebe"
"371","CrichtonSibyl","F","33","ChaucerBeck","FordRon"
"372","TrollpoeCaesar","F","94","DunlopSean","NahumBing"
"373","BartonZora","F","39","AdamAlbert","EmilyIna"
"374","EdmundHeloise","F","39","MarionQuintina","ChaucerBeck"
"375","HoyleTaylor","F","57","ChristopherScott","HoyleTaylor"
"376","FordRon","M","38","HughesBill","NahumBing"
"377","Bishop","M","72","FordRon","BruceGustave"
"378","EdmundHeloise","M","56","FitzGeraldHamiltion","HughesBill"
"379","FitzGeraldHamiltion","F","39","HoyleTaylor","EmilyIna"
"380","EmilyIna","M","25","MarionQuintina","CrichtonSibyl"
"381","TrollpoeCaesar","F","44","CrichtonSibyl","VioletPhoebe"
"382","GreshamPenelope","F","13","AdamAlbert","TrollpoeCaesar"
"383","Bishop","F","92","FitzGeraldHamiltion","CrichtonSibyl"
"384","TrollpoeCaesar","F","53","NahumBing","NahumBing"
"385","EdmundHeloise","M","41","AdamAlbert","VioletPhoebe"
"386","CrichtonSibyl","F","84","BartonZora","EmilyIna"
"387","Bishop","F","9","CrichtonSibyl","Bishop"
"388","TrollpoeCaesar","M","35","ChristopherScott","ChaucerBeck"
"389","FordRon","F","23","HoyleTaylor","DanBeryl"
"390","HoyleTaylor","F","39","ChristopherScott","HughesBill"
"391","FordRon","F","25","TrollpoeCaesar","HoyleTaylor"
"392","GreshamPenelope","M","84","HoyleTaylor","BartonZora"
"393","TrollpoeCaesar","M","53","DunlopSean","GreshamPenelope"
"394","BruceGustave","M","43","BartonZora","EmilyIna"
"395","DunlopSean","M","39","EmilyIna","EdmundHeloise"
"396","DunlopSean","F","20","Bishop","EdmundHeloise"
"397","FordRon","F","52","EmilyIna","EdmundHeloise"
"398","NahumBing","F","5","TrollpoeCaesar","MarionQuintina"
"399","FordRon","F","25","FitzGeraldHamiltion","EdmundHeloise"
"400","ChaucerBeck","F","97","DunlopSean","GreshamPenelope"
"401","FitzGeraldHamiltion","F","86","FitzGeraldHamiltion","TrollpoeCaesar"
"402","AdamAlbert","F","53","AdamAlbert","FitzGeraldHamiltion"
"403","EmilyIna","M","51","GreshamPenelope","EdmundHeloise"
"404","DanBeryl","F","61","FordRon","BruceGustave"
"405","EmilyIna","M","84","DunlopSean","AdamAlbert"
"406","EmilyIna","M","15","Bishop","BartonZora"
"407","BruceGustave","M","97","Bishop","AdamAlbert"
"408","DunlopSean","M","49","ChaucerBeck","TrollpoeCaesar"
"409","BruceGustave","F","14","HughesBill","NahumBing"
"410","HughesBill","F","30","FordRon","FitzGeraldHamiltion"
"411","CrichtonSibyl","M","69","FitzGeraldHamiltion","DanBeryl"
"412","FordRon","M","95","ChaucerBeck","DunlopSean"
"413","CrichtonSibyl","M","13","FordRon","Bishop"
"414","MarionQuintina","F","29","EmilyIna","Bishop"
"415","DunlopSean","M","16","NahumBing","MarionQuintina"
"416","ChristopherScott","F","20","FordRon","EdmundHeloise"
"417","HughesBill","F","99","BruceGustave","FordRon"
"418","DunlopSean","M","62","EmilyIna","FordRon"
"419","MarionQuintina","F","34","GreshamPenelope","VioletPhoebe"
"420","BruceGustave","M","96","NahumBing","ChristopherScott"
"421","CrichtonSibyl","F","82","HughesBill","HoyleTaylor"
"422","CrichtonSibyl","M","43","AdamAlbert","GreshamPenelope"
"423","BartonZora","F","81","Bishop","DunlopSean"
"424","TrollpoeCaesar","F","41","ChaucerBeck","ChristopherScott"
"425","DunlopSean","M","8","MarionQuintina","MarionQuintina"
"426","VioletPhoebe","F","63","FordRon","HoyleTaylor"
"427","Bishop","M","87","BruceGustave","FitzGeraldHamiltion"
"428","VioletPhoebe","F","93","ChaucerBeck","TrollpoeCaesar"
"429","Bishop","F","93","ChaucerBeck","BruceGustave"
"430","MarionQuintina","F","75","EmilyIna","EdmundHeloise"
"431","HoyleTaylor","M","73","HoyleTaylor","HughesBill"
"432","DunlopSean","M","13","EmilyIna","TrollpoeCaesar"
"433","AdamAlbert","M","14","ChristopherScott","DanBeryl"
"434","FordRon","M","72","HoyleTaylor","Bishop"
"435","HoyleTaylor","M","87","AdamAlbert","CrichtonSibyl"
"436","ChaucerBeck","M","81","Bishop","BruceGustave"
"437","HoyleTaylor","M","18","CrichtonSibyl","BruceGustave"
"438","EmilyIna","F","67","AdamAlbert","Bishop"
"439","GreshamPenelope","F","35","ChaucerBeck","VioletPhoebe"
"440","AdamAlbert","F","49","DanBeryl","EmilyIna"
"441","VioletPhoebe","F","47","DanBeryl","DanBeryl"
"442","NahumBing","F","40","DunlopSean","EmilyIna"
"443","NahumBing","M","66","HughesBill","CrichtonSibyl"
"444","ChaucerBeck","F","52","Bishop","AdamAlbert"
"445","ChristopherScott","M","83","Bishop","BartonZora"
"446","FordRon","M","5","GreshamPenelope","EdmundHeloise"
"447","DunlopSean","M","70","GreshamPenelope","EdmundHeloise"
"448","Bishop","M","21","Bishop","EmilyIna"
"449","CrichtonSibyl","M","23","MarionQuintina","FitzGeraldHamiltion"
"450","HoyleTaylor","M","53","EmilyIna","DunlopSean"
"451","MarionQuintina","F","95","EdmundHeloise","Bishop"
"452","DunlopSean","F","9","ChaucerBeck","EmilyIna"
"453","GreshamPenelope","F","73","AdamAlbert","BartonZora"
"454","EmilyIna","M","96","ChristopherScott","MarionQuintina"
"455","Bishop","F","9","NahumBing","GreshamPenelope"
"456","BruceGustave","F","34","TrollpoeCaesar","BartonZora"
"457","MarionQuintina","M","1","EdmundHeloise","HoyleTaylor"
"458","ChaucerBeck","F","99","MarionQuintina","ChristopherScott"
"459","NahumBing","M","90","Bishop","HoyleTaylor"
"460","EmilyIna","M","0","Bishop","Bishop"
"461","MarionQuintina","F","12","ChristopherScott","GreshamPenelope"
"462","TrollpoeCaesar","F","25","BruceGustave","AdamAlbert"
"463","EdmundHeloise","F","90","Bishop","FordRon"
"464","BruceGustave","M","37","HughesBill","DunlopSean"
"465","BartonZora","F","9","EmilyIna","Bishop"
"466","FitzGeraldHamiltion","F","4","ChaucerBeck","EdmundHeloise"
"467","CrichtonSibyl","M","10","DunlopSean","HoyleTaylor"
"468","DanBeryl","F","41","FordRon","BruceGustave"
"469","EdmundHeloise","M","10","BartonZora","HughesBill"
"470","DanBeryl","M","90","FordRon","FitzGeraldHamiltion"
"471","EdmundHeloise","M","5","Bishop","MarionQuintina"
"472","AdamAlbert","F","48","BartonZora","AdamAlbert"
"473","GreshamPenelope","M","97","DanBeryl","EdmundHeloise"
"474","DunlopSean","M","18","VioletPhoebe","HughesBill"
"475","FitzGeraldHamiltion","F","42","BruceGustave","ChaucerBeck"
"476","GreshamPenelope","M","0","VioletPhoebe","BartonZora"
"477","HughesBill","F","20","VioletPhoebe","Bishop"
"478","BruceGustave","M","25","EmilyIna","BartonZora"
"479","BruceGustave","F","30","HoyleTaylor","EmilyIna"
"480","Bishop","F","54","EdmundHeloise","MarionQuintina"
"481","FitzGeraldHamiltion","F","22","BruceGustave","HughesBill"
"482","DunlopSean","F","80","DunlopSean","ChristopherScott"
"483","MarionQuintina","M","84","MarionQuintina","GreshamPenelope"
"484","HughesBill","M","35","MarionQuintina","FitzGeraldHamiltion"
"485","DunlopSean","F","86","VioletPhoebe","Bishop"
"486","DanBeryl","M","12","CrichtonSibyl","DanBeryl"
"487","BruceGustave","F","72","DunlopSean","MarionQuintina"
"488","AdamAlbert","F","76","AdamAlbert","AdamAlbert"
"489","Bishop","M","94","HughesBill","BruceGustave"
"490","MarionQuintina","F","23","DanBeryl","CrichtonSibyl"
"491","NahumBing","M","84","ChaucerBeck","TrollpoeCaesar"
"492","ChristopherScott","F","50","CrichtonSibyl","VioletPhoebe"
"493","FitzGeraldHamiltion","F","58","ChristopherScott","EmilyIna"
"494","BartonZora","M","11","DanBeryl","VioletPhoebe"
"495","Bishop","F","2","NahumBing","GreshamPenelope"
"496","CrichtonSibyl","M","81","TrollpoeCaesar","EdmundHeloise"
"497","AdamAlbert","F","75","BartonZora","HoyleTaylor"
"498","BruceGustave","F","65","AdamAlbert","FordRon"
"499","CrichtonSibyl","M","61","BruceGustave","ChaucerBeck"
"500","CrichtonSibyl","M","6","TrollpoeCaesar","AdamAlbert"
"501","CrichtonSibyl","F","39","VioletPhoebe","GreshamPenelope"
"502","FordRon","F","8","GreshamPenelope","AdamAlbert"
"503","FordRon","F","35","ChaucerBeck","AdamAlbert"
"504","FordRon","M","67","FitzGeraldHamiltion","CrichtonSibyl"
"505","BruceGustave","F","17","NahumBing","BruceGustave"
"506","VioletPhoebe","M","2","DunlopSean","VioletPhoebe"
"507","HoyleTaylor","M","42","VioletPhoebe","GreshamPenelope"
"508","BartonZora","F","34","DanBeryl","NahumBing"
"509","EmilyIna","M","31","HoyleTaylor","Bishop"
"510","Bishop","M","0","DunlopSean","BartonZora"
"511","CrichtonSibyl","F","1","BruceGustave","DanBeryl"
"512","DunlopSean","F","52","MarionQuintina","HughesBill"
"513","MarionQuintina","M","2","AdamAlbert","EmilyIna"
"514","DanBeryl","F","51","NahumBing","Bishop"
"515","FordRon","M","47","DanBeryl","MarionQuintina"
"516","DunlopSean","M","99","DunlopSean","DanBeryl"
"517","ChaucerBeck","F","63","FordRon","VioletPhoebe"
"518","ChristopherScott","F","59","CrichtonSibyl","CrichtonSibyl"
"519","ChristopherScott","M","9","EdmundHeloise","Bishop"
"520","ChristopherScott","M","90","NahumBing","NahumBing"
"521","VioletPhoebe","M","26","VioletPhoebe","MarionQuintina"
"522","DunlopSean","F","64","TrollpoeCaesar","EdmundHeloise"
"523","ChaucerBeck","F","34","DanBeryl","HoyleTaylor"
"524","AdamAlbert","M","57","CrichtonSibyl","MarionQuintina"
"525","BruceGustave","F","65","NahumBing","VioletPhoebe"
"526","HughesBill","F","49","GreshamPenelope","GreshamPenelope"
"527","CrichtonSibyl","F","1","MarionQuintina","Bishop"
"528","EmilyIna","F","38","GreshamPenelope","BruceGustave"
"529","CrichtonSibyl","M","58","VioletPhoebe","BruceGustave"
"530","DanBeryl","M","59","GreshamPenelope","NahumBing"
"531","BartonZora","M","67","EdmundHeloise","Bishop"
"532","DanBeryl","M","92","HoyleTaylor","EmilyIna"
"533","FitzGeraldHamiltion","M","53","ChaucerBeck","MarionQuintina"
"534","ChaucerBeck","F","96","HoyleTaylor","CrichtonSibyl"
"535","VioletPhoebe","M","41","DanBeryl","BartonZora"
"536","NahumBing","F","89","BruceGustave","DanBeryl"
"537","CrichtonSibyl","F","82","ChristopherScott","FordRon"
"538","NahumBing","M","14","GreshamPenelope","ChristopherScott"
"539","AdamAlbert","M","24","VioletPhoebe","ChristopherScott"
"540","EdmundHeloise","M","93","BruceGustave","FordRon"
"541","BartonZora","M","25","BruceGustave","FordRon"
"542","FordRon","M","56","GreshamPenelope","NahumBing"
"543","FordRon","F","3","Bishop","Bishop"
"544","MarionQuintina","M","73","DunlopSean","NahumBing"
"545","VioletPhoebe","M","46","FordRon","GreshamPenelope"
"546","EmilyIna","F","90","DunlopSean","VioletPhoebe"
"547","DunlopSean","M","35","ChaucerBeck","NahumBing"
"548","BartonZora","M","44","VioletPhoebe","HoyleTaylor"
"549","HoyleTaylor","F","35","GreshamPenelope","DunlopSean"
"550","NahumBing","M","56","Bishop","DanBeryl"
"551","HoyleTaylor","F","34","DanBeryl","Bishop"
"552","BartonZora","F","64","EmilyIna","FitzGeraldHamiltion"
"553","NahumBing","M","33","MarionQuintina","CrichtonSibyl"
"554","Bishop","F","59","CrichtonSibyl","EdmundHeloise"
"555","VioletPhoebe","F","46","AdamAlbert","NahumBing"
"556","BruceGustave","F","56","VioletPhoebe","HughesBill"
"557","HughesBill","M","19","HoyleTaylor","NahumBing"
"558","Bishop","F","19","CrichtonSibyl","GreshamPenelope"
"559","ChristopherScott","M","30","DanBeryl","FordRon"
"560","FordRon","F","94","HughesBill","EdmundHeloise"
"561","FitzGeraldHamiltion","F","86","EdmundHeloise","HughesBill"
"562","ChaucerBeck","F","30","BartonZora","GreshamPenelope"
"563","GreshamPenelope","F","0","EdmundHeloise","DanBeryl"
"564","GreshamPenelope","F","53","TrollpoeCaesar","GreshamPenelope"
"565","FitzGeraldHamiltion","M","10","MarionQuintina","ChristopherScott"
"566","DunlopSean","F","26","MarionQuintina","FordRon"
"567","HughesBill","F","46","EmilyIna","ChristopherScott"
"568","HoyleTaylor","M","1","ChaucerBeck","VioletPhoebe"
"569","DunlopSean","F","69","Bishop","HoyleTaylor"
"570","VioletPhoebe","F","81","CrichtonSibyl","GreshamPenelope"
"571","DunlopSean","F","62","HoyleTaylor","EmilyIna"
"572","EdmundHeloise","M","23","HughesBill","BruceGustave"
"573","BartonZora","F","72","GreshamPenelope","AdamAlbert"
"574","DanBeryl","M","94","VioletPhoebe","ChristopherScott"
"575","AdamAlbert","F","37","FordRon","EdmundHeloise"
"576","Bishop","F","86","BartonZora","ChristopherScott"
"577","HughesBill","F","65","TrollpoeCaesar","ChaucerBeck"
"578","DunlopSean","F","44","EmilyIna","NahumBing"
"579","VioletPhoebe","M","89","EmilyIna","ChristopherScott"
"580","FordRon","F","55","ChaucerBeck","MarionQuintina"
"581","Bishop","F","20","DanBeryl","DunlopSean"
"582","VioletPhoebe","M","56","AdamAlbert","MarionQuintina"
"583","BartonZora","F","24","EdmundHeloise","BruceGustave"
"584","DanBeryl","F","64","BruceGustave","BartonZora"
"585","TrollpoeCaesar","F","18","Bishop","TrollpoeCaesar"
"586","EmilyIna","F","63","EdmundHeloise","TrollpoeCaesar"
"587","HughesBill","F","1","AdamAlbert","HoyleTaylor"
"588","DanBeryl","F","12","FordRon","AdamAlbert"
"589","NahumBing","M","83","TrollpoeCaesar","DanBeryl"
"590","AdamAlbert","M","47","ChaucerBeck","NahumBing"
"591","Bishop","F","11","TrollpoeCaesar","ChristopherScott"
"592","HoyleTaylor","F","43","FordRon","ChristopherScott"
"593","MarionQuintina","F","7","CrichtonSibyl","BartonZora"
"594","EdmundHeloise","M","41","HoyleTaylor","EmilyIna"
"595","VioletPhoebe","F","94","BruceGustave","AdamAlbert"
"596","NahumBing","M","58","MarionQuintina","AdamAlbert"
"597","ChaucerBeck","M","13","AdamAlbert","BruceGustave"
"598","EdmundHeloise","F","80","BartonZora","FordRon"
"599","ChristopherScott","M","38","EmilyIna","HoyleTaylor"
"600","FitzGeraldHamiltion","F","9","HughesBill","HughesBill"
"601","ChristopherScott","F","63","HoyleTaylor","MarionQuintina"
"602","Bishop","F","85","HoyleTaylor","DanBeryl"
"603","BruceGustave","F","56","DunlopSean","BartonZora"
"604","VioletPhoebe","F","41","MarionQuintina","TrollpoeCaesar"
"605","DunlopSean","F","66","EdmundHeloise","MarionQuintina"
"606","VioletPhoebe","F","84","TrollpoeCaesar","DunlopSean"
"607","BartonZora","M","96","ChristopherScott","FordRon"
"608","EdmundHeloise","F","13","NahumBing","GreshamPenelope"
"609","BruceGustave","F","44","VioletPhoebe","MarionQuintina"
"610","AdamAlbert","F","40","HoyleTaylor","FordRon"
"611","HoyleTaylor","M","4","DanBeryl","DanBeryl"
"612","FordRon","M","84","MarionQuintina","VioletPhoebe"
"613","FitzGeraldHamiltion","M","86","DunlopSean","TrollpoeCaesar"
"614","FitzGeraldHamiltion","F","76","AdamAlbert","ChaucerBeck"
"615","NahumBing","M","15","TrollpoeCaesar","HughesBill"
"616","DanBeryl","M","9","DanBeryl","Bishop"
"617","NahumBing","F","31","Bishop","MarionQuintina"
"618","Bishop","F","13","CrichtonSibyl","DanBeryl"
"619","ChristopherScott","F","24","VioletPhoebe","DunlopSean"
"620","ChristopherScott","F","18","FitzGeraldHamiltion","ChristopherScott"
"621","FitzGeraldHamiltion","M","67","TrollpoeCaesar","TrollpoeCaesar"
"622","ChaucerBeck","M","48","BruceGustave","VioletPhoebe"
"623","DunlopSean","F","55","TrollpoeCaesar","VioletPhoebe"
"624","DanBeryl","M","48","MarionQuintina","DunlopSean"
"625","AdamAlbert","F","68","BruceGustave","DunlopSean"
"626","DanBeryl","F","3","GreshamPenelope","VioletPhoebe"
"627","GreshamPenelope","M","69","FordRon","EmilyIna"
"628","Bishop","M","64","DunlopSean","FordRon"
"629","FordRon","F","76","BartonZora","GreshamPenelope"
"630","EdmundHeloise","F","59","FordRon","HughesBill"
"631","TrollpoeCaesar","F","23","GreshamPenelope","EdmundHeloise"
"632","FitzGeraldHamiltion","F","8","GreshamPenelope","CrichtonSibyl"
"633","VioletPhoebe","F","39","HoyleTaylor","FitzGeraldHamiltion"
"634","MarionQuintina","F","44","FordRon","Bishop"
"635","MarionQuintina","M","49","EdmundHeloise","FordRon"
"636","DunlopSean","F","9","GreshamPenelope","MarionQuintina"
"637","FordRon","F","58","DanBeryl","EdmundHeloise"
"638","DunlopSean","M","46","DunlopSean","Bishop"
"639","BruceGustave","F","14","BruceGustave","MarionQuintina"
"640","TrollpoeCaesar","F","54","NahumBing","NahumBing"
"641","BruceGustave","M","60","NahumBing","GreshamPenelope"
"642","FordRon","F","83","NahumBing","EmilyIna"
"643","AdamAlbert","M","42","DunlopSean","EmilyIna"
"644","Bishop","F","16","FordRon","DanBeryl"
"645","AdamAlbert","M","59","EmilyIna","GreshamPenelope"
"646","BartonZora","F","43","NahumBing","AdamAlbert"
"647","VioletPhoebe","F","86","VioletPhoebe","AdamAlbert"
"648","ChaucerBeck","M","61","DunlopSean","ChristopherScott"
"649","AdamAlbert","F","58","TrollpoeCaesar","FordRon"
"650","ChaucerBeck","M","86","DanBeryl","AdamAlbert"
"651","NahumBing","F","30","NahumBing","MarionQuintina"
"652","AdamAlbert","F","96","ChaucerBeck","FitzGeraldHamiltion"
"653","BruceGustave","M","6","Bishop","BruceGustave"
"654","EmilyIna","F","63","AdamAlbert","BruceGustave"
"655","TrollpoeCaesar","F","52","DanBeryl","ChaucerBeck"
"656","EdmundHeloise","F","4","HughesBill","ChristopherScott"
"657","ChaucerBeck","F","2","ChristopherScott","GreshamPenelope"
"658","ChristopherScott","M","56","BartonZora","FordRon"
"659","DunlopSean","M","50","BruceGustave","TrollpoeCaesar"
"660","CrichtonSibyl","M","45","HoyleTaylor","FordRon"
"661","Bishop","F","12","FitzGeraldHamiltion","FitzGeraldHamiltion"
"662","AdamAlbert","M","46","BartonZora","Bishop"
"663","VioletPhoebe","M","52","ChaucerBeck","HoyleTaylor"
"664","Bishop","M","84","DunlopSean","VioletPhoebe"
"665","HoyleTaylor","F","37","ChaucerBeck","BruceGustave"
"666","AdamAlbert","M","63","BruceGustave","ChristopherScott"
"667","MarionQuintina","F","26","BruceGustave","TrollpoeCaesar"
"668","EdmundHeloise","F","42","HughesBill","AdamAlbert"
"669","MarionQuintina","M","4","BruceGustave","Bishop"
"670","NahumBing","F","90","Bishop","BruceGustave"
"671","Bishop","M","42","VioletPhoebe","DunlopSean"
"672","CrichtonSibyl","M","49","FitzGeraldHamiltion","ChaucerBeck"
"673","HughesBill","F","48","HoyleTaylor","Bishop"
"674","GreshamPenelope","F","24","DanBeryl","TrollpoeCaesar"
"675","MarionQuintina","M","86","FordRon","AdamAlbert"
"676","GreshamPenelope","F","36","DanBeryl","FordRon"
"677","VioletPhoebe","M","69","HughesBill","HoyleTaylor"
"678","AdamAlbert","M","70","EdmundHeloise","HughesBill"
"679","ChristopherScott","M","39","ChristopherScott","FordRon"
"680","FitzGeraldHamiltion","M","68","CrichtonSibyl","FitzGeraldHamiltion"
"681","GreshamPenelope","F","67","FordRon","AdamAlbert"
"682","ChristopherScott","M","71","FitzGeraldHamiltion","BruceGustave"
"683","AdamAlbert","M","55","EdmundHeloise","Bishop"
"684","GreshamPenelope","M","73","AdamAlbert","AdamAlbert"
"685","TrollpoeCaesar","M","92","VioletPhoebe","AdamAlbert"
"686","EdmundHeloise","F","60","GreshamPenelope","HoyleTaylor"
"687","ChristopherScott","F","61","HoyleTaylor","FitzGeraldHamiltion"
"688","EdmundHeloise","F","77","BartonZora","Bishop"
"689","HoyleTaylor","F","87","TrollpoeCaesar","Bishop"
"690","GreshamPenelope","F","79","ChaucerBeck","EmilyIna"
"691","CrichtonSibyl","F","9","DunlopSean","BruceGustave"
"692","FordRon","M","29","GreshamPenelope","EdmundHeloise"
"693","Bishop","M","84","ChaucerBeck","NahumBing"
"694","DanBeryl","F","3","EdmundHeloise","HughesBill"
"695","NahumBing","F","88","EmilyIna","BartonZora"
"696","DunlopSean","F","47","Bishop","NahumBing"
"697","MarionQuintina","F","31","HoyleTaylor","AdamAlbert"
"698","EdmundHeloise","F","76","GreshamPenelope","AdamAlbert"
"699","BruceGustave","M","40","VioletPhoebe","FitzGeraldHamiltion"
"700","GreshamPenelope","M","96","MarionQuintina","VioletPhoebe"
"701","BruceGustave","F","92","MarionQuintina","ChaucerBeck"
"702","ChaucerBeck","F","47","FitzGeraldHamiltion","BruceGustave"
"703","NahumBing","F","91","FordRon","EdmundHeloise"
"704","Bishop","F","28","DunlopSean","EmilyIna"
"705","HughesBill","F","34","AdamAlbert","ChristopherScott"
"706","GreshamPenelope","M","96","NahumBing","GreshamPenelope"
"707","FordRon","M","97","VioletPhoebe","EmilyIna"
"708","MarionQuintina","M","38","VioletPhoebe","NahumBing"
"709","FitzGeraldHamiltion","M","21","NahumBing","HoyleTaylor"
"710","HoyleTaylor","M","88","TrollpoeCaesar","EmilyIna"
"711","EmilyIna","F","57","EdmundHeloise","FordRon"
"712","MarionQuintina","M","91","VioletPhoebe","Bishop"
"713","VioletPhoebe","F","22","DunlopSean","EdmundHeloise"
"714","AdamAlbert","F","61","NahumBing","Bishop"
"715","DunlopSean","F","97","BartonZora","NahumBing"
"716","BartonZora","M","23","DanBeryl","ChristopherScott"
"717","EdmundHeloise","F","33","CrichtonSibyl","VioletPhoebe"
"718","TrollpoeCaesar","F","27","VioletPhoebe","FitzGeraldHamiltion"
"719","Bishop","F","80","BruceGustave","Bishop"
"720","EdmundHeloise","M","71","TrollpoeCaesar","TrollpoeCaesar"
"721","EmilyIna","M","19","BartonZora","FitzGeraldHamiltion"
"722","FordRon","F","17","DanBeryl","EmilyIna"
"723","MarionQuintina","F","87","NahumBing","CrichtonSibyl"
"724","VioletPhoebe","F","66","DanBeryl","CrichtonSibyl"
"725","EdmundHeloise","M","96","EdmundHeloise","NahumBing"
"726","DanBeryl","F","87","Bishop","GreshamPenelope"
"727","EdmundHeloise","M","78","AdamAlbert","DunlopSean"
"728","VioletPhoebe","M","82","DunlopSean","HughesBill"
"729","AdamAlbert","F","85","AdamAlbert","DanBeryl"
"730","BartonZora","M","23","TrollpoeCaesar","CrichtonSibyl"
"731","TrollpoeCaesar","M","18","GreshamPenelope","GreshamPenelope"
"732","ChaucerBeck","F","15","FitzGeraldHamiltion","DunlopSean"
"733","BruceGustave","F","76","ChristopherScott","TrollpoeCaesar"
"734","CrichtonSibyl","F","55","TrollpoeCaesar","FordRon"
"735","FitzGeraldHamiltion","F","28","AdamAlbert","HughesBill"
"736","AdamAlbert","F","72","FitzGeraldHamiltion","DanBeryl"
"737","BartonZora","M","18","HoyleTaylor","EmilyIna"
"738","AdamAlbert","F","91","ChristopherScott","DanBeryl"
"739","FitzGeraldHamiltion","F","51","DunlopSean","FordRon"
"740","EmilyIna","F","72","VioletPhoebe","NahumBing"
"741","TrollpoeCaesar","F","84","TrollpoeCaesar","HoyleTaylor"
"742","DanBeryl","M","73","BruceGustave","BartonZora"
"743","MarionQuintina","M","37","FitzGeraldHamiltion","FordRon"
"744","Bishop","M","74","HoyleTaylor","HughesBill"
"745","EmilyIna","M","67","GreshamPenelope","EmilyIna"
"746","ChaucerBeck","F","80","AdamAlbert","ChristopherScott"
"747","GreshamPenelope","F","98","HoyleTaylor","DunlopSean"
"748","DanBeryl","M","17","MarionQuintina","GreshamPenelope"
"749","VioletPhoebe","F","54","GreshamPenelope","Bishop"
"750","FitzGeraldHamiltion","M","41","FordRon","EmilyIna"
"751","EdmundHeloise","F","38","HughesBill","DanBeryl"
"752","MarionQuintina","F","63","BruceGustave","GreshamPenelope"
"753","GreshamPenelope","M","16","HughesBill","HughesBill"
"754","ChristopherScott","F","58","BartonZora","Bishop"
"755","HughesBill","M","88","TrollpoeCaesar","HoyleTaylor"
"756","DunlopSean","M","90","DanBeryl","AdamAlbert"
"757","ChaucerBeck","M","91","FitzGeraldHamiltion","CrichtonSibyl"
"758","FitzGeraldHamiltion","F","66","NahumBing","Bishop"
"759","HughesBill","F","73","BartonZora","TrollpoeCaesar"
"760","EdmundHeloise","M","37","CrichtonSibyl","EdmundHeloise"
"761","AdamAlbert","M","62","HughesBill","ChristopherScott"
"762","ChaucerBeck","M","7","NahumBing","FordRon"
"763","HughesBill","M","5","DunlopSean","ChaucerBeck"
"764","ChaucerBeck","M","39","TrollpoeCaesar","CrichtonSibyl"
"765","HoyleTaylor","M","91","ChristopherScott","VioletPhoebe"
"766","MarionQuintina","M","8","Bishop","HoyleTaylor"
"767","FordRon","M","77","Bishop","NahumBing"
"768","BartonZora","M","92","DanBeryl","DanBeryl"
"769","TrollpoeCaesar","F","70","CrichtonSibyl","BruceGustave"
"770","EmilyIna","F","75","BruceGustave","BartonZora"
"771","ChristopherScott","M","38","NahumBing","BartonZora"
"772","DanBeryl","M","76","AdamAlbert","DanBeryl"
"773","Bishop","M","99","AdamAlbert","CrichtonSibyl"
"774","FordRon","F","81","EdmundHeloise","TrollpoeCaesar"
"775","MarionQuintina","M","25","ChristopherScott","FordRon"
"776","FitzGeraldHamiltion","M","16","GreshamPenelope","BartonZora"
"777","AdamAlbert","M","18","CrichtonSibyl","EdmundHeloise"
"778","Bishop","M","68","CrichtonSibyl","FordRon"
"779","DanBeryl","F","21","DunlopSean","HughesBill"
"780","DanBeryl","F","96","HoyleTaylor","AdamAlbert"
"781","NahumBing","M","26","ChaucerBeck","VioletPhoebe"
"782","FitzGeraldHamiltion","M","29","DunlopSean","FitzGeraldHamiltion"
"783","EmilyIna","F","76","BartonZora","FordRon"
"784","FordRon","M","23","BruceGustave","VioletPhoebe"
"785","DanBeryl","F","18","MarionQuintina","CrichtonSibyl"
"786","ChristopherScott","F","63","Bishop","NahumBing"
"787","Bishop","M","92","EdmundHeloise","Bishop"
"788","MarionQuintina","M","25","ChristopherScott","EmilyIna"
"789","VioletPhoebe","M","1","EdmundHeloise","DunlopSean"
"790","GreshamPenelope","F","62","MarionQuintina","HoyleTaylor"
"791","FitzGeraldHamiltion","M","47","MarionQuintina","FordRon"
"792","EmilyIna","F","50","EdmundHeloise","EdmundHeloise"
"793","AdamAlbert","F","98","DanBeryl","DanBeryl"
"794","EdmundHeloise","F","12","CrichtonSibyl","DunlopSean"
"795","GreshamPenelope","F","55","DanBeryl","DunlopSean"
"796","EmilyIna","F","64","AdamAlbert","HoyleTaylor"
"797","NahumBing","M","54","BruceGustave","FitzGeraldHamiltion"
"798","Bishop","F","90","VioletPhoebe","DunlopSean"
"799","BartonZora","M","71","TrollpoeCaesar","DanBeryl"
"800","Bishop","M","93","ChristopherScott","AdamAlbert"
"801","ChaucerBeck","M","47","DunlopSean","FitzGeraldHamiltion"
"802","NahumBing","M","41","FitzGeraldHamiltion","BartonZora"
"803","FitzGeraldHamiltion","M","62","FordRon","BruceGustave"
"804","FordRon","M","16","DanBeryl","DanBeryl"
"805","ChristopherScott","F","49","NahumBing","BartonZora"
"806","VioletPhoebe","M","42","EmilyIna","EmilyIna"
"807","FitzGeraldHamiltion","F","7","HoyleTaylor","CrichtonSibyl"
"808","HoyleTaylor","M","71","FitzGeraldHamiltion","HoyleTaylor"
"809","ChristopherScott","F","30","GreshamPenelope","EmilyIna"
"810","CrichtonSibyl","M","62","FitzGeraldHamiltion","BruceGustave"
"811","EmilyIna","M","96","ChristopherScott","CrichtonSibyl"
"812","AdamAlbert","F","96","FitzGeraldHamiltion","DanBeryl"
"813","TrollpoeCaesar","F","17","EdmundHeloise","GreshamPenelope"
"814","HughesBill","F","86","AdamAlbert","BruceGustave"
"815","AdamAlbert","M","71","DunlopSean","Bishop"
"816","FordRon","F","66","Bishop","DanBeryl"
"817","Bishop","M","38","AdamAlbert","Bishop"
"818","BruceGustave","F","86","VioletPhoebe","VioletPhoebe"
"819","CrichtonSibyl","F","46","HughesBill","FitzGeraldHamiltion"
"820","BruceGustave","M","14","FitzGeraldHamiltion","Bishop"
"821","BartonZora","F","53","ChristopherScott","VioletPhoebe"
"822","BruceGustave","F","86","FitzGeraldHamiltion","MarionQuintina"
"823","GreshamPenelope","F","97","HughesBill","BartonZora"
"824","DanBeryl","F","20","CrichtonSibyl","MarionQuintina"
"825","VioletPhoebe","F","24","DanBeryl","DanBeryl"
"826","DanBeryl","M","80","EmilyIna","GreshamPenelope"
"827","Bishop","F","9","BruceGustave","DunlopSean"
"828","TrollpoeCaesar","F","70","EdmundHeloise","FitzGeraldHamiltion"
"829","FitzGeraldHamiltion","M","76","MarionQuintina","HoyleTaylor"
"830","EdmundHeloise","M","63","VioletPhoebe","GreshamPenelope"
"831","AdamAlbert","F","91","BruceGustave","BartonZora"
"832","BartonZora","M","16","ChaucerBeck","EdmundHeloise"
"833","CrichtonSibyl","F","63","HughesBill","FitzGeraldHamiltion"
"834","EmilyIna","M","32","FordRon","NahumBing"
"835","CrichtonSibyl","F","20","FitzGeraldHamiltion","FitzGeraldHamiltion"
"836","EmilyIna","F","64","EdmundHeloise","FitzGeraldHamiltion"
"837","EmilyIna","F","65","GreshamPenelope","MarionQuintina"
"838","EdmundHeloise","F","37","GreshamPenelope","ChaucerBeck"
"839","NahumBing","M","59","VioletPhoebe","DunlopSean"
"840","HoyleTaylor","F","85","NahumBing","FitzGeraldHamiltion"
"841","FitzGeraldHamiltion","M","82","HughesBill","CrichtonSibyl"
"842","NahumBing","F","58","TrollpoeCaesar","TrollpoeCaesar"
"843","EmilyIna","F","67","Bishop","BartonZora"
"844","BartonZora","F","41","EdmundHeloise","AdamAlbert"
"845","NahumBing","M","20","FordRon","CrichtonSibyl"
"846","BartonZora","F","2","EdmundHeloise","HughesBill"
"847","BruceGustave","M","29","CrichtonSibyl","DunlopSean"
"848","HughesBill","M","8","NahumBing","MarionQuintina"
"849","TrollpoeCaesar","F","77","FordRon","VioletPhoebe"
"850","VioletPhoebe","M","13","FitzGeraldHamiltion","AdamAlbert"
"851","VioletPhoebe","M","51","EmilyIna","ChaucerBeck"
"852","GreshamPenelope","F","43","DanBeryl","FordRon"
"853","DanBeryl","M","49","EdmundHeloise","HoyleTaylor"
"854","AdamAlbert","M","23","EdmundHeloise","VioletPhoebe"
"855","AdamAlbert","M","13","BruceGustave","CrichtonSibyl"
"856","NahumBing","M","15","DunlopSean","DanBeryl"
"857","ChaucerBeck","M","56","CrichtonSibyl","BruceGustave"
"858","BartonZora","M","50","AdamAlbert","CrichtonSibyl"
"859","CrichtonSibyl","F","11","FordRon","DunlopSean"
"860","MarionQuintina","M","3","AdamAlbert","ChaucerBeck"
"861","HughesBill","M","11","EdmundHeloise","BartonZora"
"862","GreshamPenelope","F","18","MarionQuintina","BruceGustave"
"863","GreshamPenelope","M","53","EmilyIna","EmilyIna"
"864","GreshamPenelope","M","18","DanBeryl","FordRon"
"865","BruceGustave","F","64","HughesBill","ChristopherScott"
"866","FitzGeraldHamiltion","F","79","GreshamPenelope","AdamAlbert"
"867","HughesBill","F","64","CrichtonSibyl","NahumBing"
"868","FordRon","M","21","ChristopherScott","DanBeryl"
"869","NahumBing","F","57","BartonZora","GreshamPenelope"
"870","Bishop","F","56","HoyleTaylor","VioletPhoebe"
"871","MarionQuintina","M","88","FordRon","EmilyIna"
"872","FitzGeraldHamiltion","F","43","HoyleTaylor","DanBeryl"
"873","FitzGeraldHamiltion","F","66","AdamAlbert","ChristopherScott"
"874","BartonZora","M","71","BruceGustave","TrollpoeCaesar"
"875","BartonZora","M","51","VioletPhoebe","MarionQuintina"
"876","HoyleTaylor","F","75","GreshamPenelope","ChaucerBeck"
"877","HughesBill","F","11","HughesBill","DunlopSean"
"878","FordRon","M","91","DanBeryl","Bishop"
"879","FitzGeraldHamiltion","M","29","EdmundHeloise","VioletPhoebe"
"880","ChaucerBeck","M","85","AdamAlbert","AdamAlbert"
"881","AdamAlbert","F","99","DunlopSean","Bishop"
"882","ChaucerBeck","M","34","DunlopSean","TrollpoeCaesar"
"883","Bishop","M","81","EmilyIna","VioletPhoebe"
"884","BartonZora","M","19","FitzGeraldHamiltion","VioletPhoebe"
"885","Bishop","M","43","DanBeryl","GreshamPenelope"
"886","FordRon","F","39","EmilyIna","EmilyIna"
"887","DunlopSean","F","93","GreshamPenelope","BartonZora"
"888","HughesBill","M","52","FitzGeraldHamiltion","BartonZora"
"889","EmilyIna","F","67","ChristopherScott","NahumBing"
"890","DanBeryl","F","44","DanBeryl","VioletPhoebe"
"891","BruceGustave","M","27","DanBeryl","VioletPhoebe"
"892","NahumBing","M","76","FordRon","HoyleTaylor"
"893","Bishop","F","71","HughesBill","MarionQuintina"
"894","ChristopherScott","M","35","AdamAlbert","NahumBing"
"895","CrichtonSibyl","F","47","NahumBing","AdamAlbert"
"896","BruceGustave","M","63","EdmundHeloise","FordRon"
"897","ChaucerBeck","F","7","BartonZora","ChaucerBeck"
"898","DanBeryl","F","61","AdamAlbert","BruceGustave"
"899","FitzGeraldHamiltion","M","28","NahumBing","NahumBing"
"900","MarionQuintina","F","30","AdamAlbert","BartonZora"
"901","HughesBill","F","53","FitzGeraldHamiltion","BartonZora"
"902","VioletPhoebe","F","38","HughesBill","CrichtonSibyl"
"903","ChristopherScott","M","92","EmilyIna","FitzGeraldHamiltion"
"904","AdamAlbert","F","32","EdmundHeloise","MarionQuintina"
"905","FordRon","F","91","FordRon","VioletPhoebe"
"906","EdmundHeloise","M","22","DunlopSean","EdmundHeloise"
"907","NahumBing","M","84","DunlopSean","DanBeryl"
"908","EdmundHeloise","M","47","CrichtonSibyl","ChristopherScott"
"909","NahumBing","M","55","GreshamPenelope","CrichtonSibyl"
"910","TrollpoeCaesar","M","1","HoyleTaylor","NahumBing"
"911","NahumBing","M","10","FordRon","CrichtonSibyl"
"912","FitzGeraldHamiltion","M","17","FordRon","AdamAlbert"
"913","NahumBing","M","3","FitzGeraldHamiltion","DanBeryl"
"914","FitzGeraldHamiltion","F","80","Bishop","EdmundHeloise"
"915","AdamAlbert","M","11","ChristopherScott","NahumBing"
"916","Bishop","F","0","ChaucerBeck","GreshamPenelope"
"917","GreshamPenelope","F","17","AdamAlbert","BruceGustave"
"918","ChaucerBeck","M","83","VioletPhoebe","GreshamPenelope"
"919","BartonZora","M","28","CrichtonSibyl","BartonZora"
"920","VioletPhoebe","F","3","VioletPhoebe","Bishop"
"921","MarionQuintina","M","36","HughesBill","ChristopherScott"
"922","EmilyIna","M","0","NahumBing","VioletPhoebe"
"923","GreshamPenelope","F","58","ChristopherScott","FitzGeraldHamiltion"
"924","HughesBill","M","73","DunlopSean","TrollpoeCaesar"
"925","BartonZora","M","9","DanBeryl","AdamAlbert"
"926","VioletPhoebe","M","46","FordRon","MarionQuintina"
"927","EdmundHeloise","F","41","FordRon","HughesBill"
"928","AdamAlbert","M","3","AdamAlbert","ChristopherScott"
"929","HughesBill","M","7","ChristopherScott","DanBeryl"
"930","HoyleTaylor","M","59","ChristopherScott","DanBeryl"
"931","VioletPhoebe","M","51","HoyleTaylor","GreshamPenelope"
"932","DunlopSean","F","78","FordRon","DunlopSean"
"933","Bishop","M","68","BruceGustave","HoyleTaylor"
"934","HughesBill","M","21","Bishop","DanBeryl"
"935","HughesBill","F","26","ChristopherScott","MarionQuintina"
"936","NahumBing","M","31","FordRon","Bishop"
"937","Bishop","M","57","EmilyIna","Bishop"
"938","CrichtonSibyl","F","14","NahumBing","VioletPhoebe"
"939","MarionQuintina","M","75","MarionQuintina","ChaucerBeck"
"940","TrollpoeCaesar","F","77","Bishop","Bishop"
"941","FordRon","M","38","ChristopherScott","BruceGustave"
"942","Bishop","M","89","HoyleTaylor","EdmundHeloise"
"943","BartonZora","F","79","HoyleTaylor","GreshamPenelope"
"944","TrollpoeCaesar","M","11","BruceGustave","BruceGustave"
"945","MarionQuintina","F","14","DanBeryl","EmilyIna"
"946","TrollpoeCaesar","F","63","CrichtonSibyl","Bishop"
"947","NahumBing","F","10","BruceGustave","EdmundHeloise"
"948","ChristopherScott","F","50","ChaucerBeck","EdmundHeloise"
"949","Bishop","M","54","TrollpoeCaesar","EdmundHeloise"
"950","ChaucerBeck","F","37","HughesBill","ChristopherScott"
"951","ChristopherScott","M","73","EdmundHeloise","DunlopSean"
"952","DunlopSean","M","89","HoyleTaylor","FordRon"
"953","DanBeryl","F","0","TrollpoeCaesar","FitzGeraldHamiltion"
"954","TrollpoeCaesar","M","99","DanBeryl","DanBeryl"
"955","AdamAlbert","M","16","EmilyIna","Bishop"
"956","FordRon","F","58","EmilyIna","ChaucerBeck"
"957","NahumBing","M","32","Bishop","AdamAlbert"
"958","ChaucerBeck","F","27","MarionQuintina","HoyleTaylor"
"959","ChaucerBeck","M","9","HughesBill","EmilyIna"
"960","MarionQuintina","F","38","ChaucerBeck","HughesBill"
"961","TrollpoeCaesar","F","46","GreshamPenelope","HughesBill"
"962","FordRon","M","81","AdamAlbert","DanBeryl"
"963","NahumBing","F","48","TrollpoeCaesar","FitzGeraldHamiltion"
"964","EdmundHeloise","F","40","HughesBill","BruceGustave"
"965","HoyleTaylor","F","70","FitzGeraldHamiltion","NahumBing"
"966","ChaucerBeck","F","72","EmilyIna","TrollpoeCaesar"
"967","AdamAlbert","M","21","ChristopherScott","MarionQuintina"
"968","EdmundHeloise","F","68","FitzGeraldHamiltion","TrollpoeCaesar"
"969","DanBeryl","M","71","DanBeryl","EdmundHeloise"
"970","NahumBing","M","83","NahumBing","ChristopherScott"
"971","DanBeryl","F","34","TrollpoeCaesar","EmilyIna"
"972","MarionQuintina","F","69","BruceGustave","DunlopSean"
"973","DanBeryl","M","23","MarionQuintina","TrollpoeCaesar"
"974","AdamAlbert","M","62","HughesBill","HughesBill"
"975","ChaucerBeck","F","64","AdamAlbert","CrichtonSibyl"
"976","BruceGustave","F","83","AdamAlbert","Bishop"
"977","Bishop","M","50","FordRon","FordRon"
"978","ChaucerBeck","F","91","EmilyIna","BruceGustave"
"979","HoyleTaylor","F","78","FordRon","EdmundHeloise"
"980","AdamAlbert","M","71","TrollpoeCaesar","ChaucerBeck"
"981","DunlopSean","M","99","ChristopherScott","MarionQuintina"
"982","NahumBing","M","34","HoyleTaylor","DunlopSean"
"983","BruceGustave","M","7","AdamAlbert","DanBeryl"
"984","BruceGustave","F","58","AdamAlbert","HughesBill"
"985","ChristopherScott","F","89","MarionQuintina","EdmundHeloise"
"986","Bishop","F","13","HoyleTaylor","HoyleTaylor"
"987","FordRon","F","76","FordRon","CrichtonSibyl"
"988","EdmundHeloise","M","67","HughesBill","ChristopherScott"
"989","CrichtonSibyl","M","67","EmilyIna","DunlopSean"
"990","DanBeryl","M","19","TrollpoeCaesar","EdmundHeloise"
"991","CrichtonSibyl","M","58","EdmundHeloise","FordRon"
"992","CrichtonSibyl","F","58","MarionQuintina","BartonZora"
"993","BartonZora","F","73","EdmundHeloise","FordRon"
"994","VioletPhoebe","F","80","AdamAlbert","ChaucerBeck"
"995","CrichtonSibyl","M","65","CrichtonSibyl","DanBeryl"
"996","ChaucerBeck","M","70","ChristopherScott","ChristopherScott"
"997","DanBeryl","M","47","GreshamPenelope","HoyleTaylor"
"998","HughesBill","F","49","EmilyIna","EdmundHeloise"
"999","VioletPhoebe","M","58","CrichtonSibyl","NahumBing"
"1000","HughesBill","F","3","HughesBill","GreshamPenelope"
"1001","DanBeryl","M","93","BruceGustave","AdamAlbert"
"1002","BruceGustave","M","94","ChristopherScott","CrichtonSibyl"
"1003","EdmundHeloise","M","9","EdmundHeloise","HughesBill"
"1004","FitzGeraldHamiltion","M","21","BartonZora","TrollpoeCaesar"
"1005","HoyleTaylor","M","96","DanBeryl","HoyleTaylor"
"1006","EmilyIna","F","49","EdmundHeloise","HoyleTaylor"
"1007","AdamAlbert","M","53","VioletPhoebe","ChaucerBeck"
"1008","MarionQuintina","F","5","DanBeryl","FitzGeraldHamiltion"
"1009","ChaucerBeck","M","18","BruceGustave","AdamAlbert"
"1010","EmilyIna","F","53","CrichtonSibyl","TrollpoeCaesar"
"1011","FitzGeraldHamiltion","M","82","Bishop","DunlopSean"
"1012","BruceGustave","M","23","NahumBing","HughesBill"
"1013","BruceGustave","F","5","TrollpoeCaesar","BruceGustave"
"1014","VioletPhoebe","F","10","NahumBing","EmilyIna"
"1015","NahumBing","F","82","ChaucerBeck","BruceGustave"
"1016","Bishop","F","32","ChaucerBeck","FitzGeraldHamiltion"
"1017","HoyleTaylor","M","31","BruceGustave","DanBeryl"
"1018","TrollpoeCaesar","F","16","BruceGustave","NahumBing"
"1019","BartonZora","M","20","FordRon","FitzGeraldHamiltion"
"1020","FordRon","M","46","DanBeryl","ChristopherScott"
"1021","BartonZora","F","45","CrichtonSibyl","AdamAlbert"
"1022","HoyleTaylor","F","85","ChristopherScott","BartonZora"
"1023","DanBeryl","M","90","Bishop","BartonZora"
"1024","HoyleTaylor","M","53","GreshamPenelope","FordRon"
"1025","BartonZora","F","47","ChaucerBeck","GreshamPenelope"
"1026","HoyleTaylor","M","64","VioletPhoebe","DunlopSean"
"1027","Bishop","M","44","AdamAlbert","GreshamPenelope"
"1028","ChaucerBeck","M","55","EdmundHeloise","HughesBill"
"1029","DunlopSean","M","12","EdmundHeloise","TrollpoeCaesar"
"1030","FordRon","M","91","HoyleTaylor","DunlopSean"
"1031","DanBeryl","F","97","DunlopSean","AdamAlbert"
"1032","ChristopherScott","M","89","Bishop","DanBeryl"
"1033","DanBeryl","F","73","BruceGustave","EdmundHeloise"
"1034","FitzGeraldHamiltion","M","19","Bishop","FordRon"
"1035","CrichtonSibyl","F","65","Bishop","TrollpoeCaesar"
"1036","AdamAlbert","F","60","DunlopSean","VioletPhoebe"
"1037","DanBeryl","M","14","EdmundHeloise","AdamAlbert"
"1038","FitzGeraldHamiltion","F","28","BartonZora","BruceGustave"
"1039","EdmundHeloise","F","86","EmilyIna","CrichtonSibyl"
"1040","CrichtonSibyl","M","4","GreshamPenelope","GreshamPenelope"
"1041","MarionQuintina","M","36","TrollpoeCaesar","CrichtonSibyl"
"1042","GreshamPenelope","F","94","GreshamPenelope","ChristopherScott"
"1043","ChristopherScott","F","73","TrollpoeCaesar","FordRon"
"1044","MarionQuintina","M","40","HoyleTaylor","CrichtonSibyl"
"1045","FordRon","M","78","HughesBill","ChristopherScott"
"1046","NahumBing","M","71","HoyleTaylor","BartonZora"
"1047","TrollpoeCaesar","M","16","GreshamPenelope","FitzGeraldHamiltion"
"1048","ChristopherScott","F","21","TrollpoeCaesar","BartonZora"
"1049","HughesBill","M","30","HoyleTaylor","FordRon"
"1050","CrichtonSibyl","M","89","AdamAlbert","CrichtonSibyl"
"1051","AdamAlbert","M","89","CrichtonSibyl","DunlopSean"
"1052","HughesBill","M","22","AdamAlbert","FordRon"
"1053","NahumBing","F","51","EmilyIna","NahumBing"
"1054","EmilyIna","F","29","CrichtonSibyl","TrollpoeCaesar"
"1055","MarionQuintina","F","94","FitzGeraldHamiltion","HughesBill"
"1056","BartonZora","M","82","MarionQuintina","FordRon"
"1057","HoyleTaylor","F","1","Bishop","DunlopSean"
"1058","MarionQuintina","F","43","CrichtonSibyl","NahumBing"
"1059","DanBeryl","M","3","Bishop","FordRon"
"1060","EdmundHeloise","M","26","TrollpoeCaesar","FitzGeraldHamiltion"
"1061","HughesBill","M","46","Bishop","BruceGustave"
"1062","EmilyIna","M","55","HughesBill","EmilyIna"
"1063","ChaucerBeck","F","95","BruceGustave","DanBeryl"
"1064","EmilyIna","F","35","EdmundHeloise","CrichtonSibyl"
"1065","VioletPhoebe","M","59","HughesBill","GreshamPenelope"
"1066","FordRon","M","83","FitzGeraldHamiltion","BruceGustave"
"1067","GreshamPenelope","F","15","ChaucerBeck","VioletPhoebe"
"1068","DanBeryl","F","83","ChristopherScott","BartonZora"
"1069","EdmundHeloise","M","10","BruceGustave","ChristopherScott"
"1070","TrollpoeCaesar","M","44","BruceGustave","DunlopSean"
"1071","BartonZora","F","35","Bishop","BartonZora"
"1072","NahumBing","F","96","VioletPhoebe","HoyleTaylor"
"1073","VioletPhoebe","M","21","AdamAlbert","VioletPhoebe"
"1074","EmilyIna","M","18","FordRon","NahumBing"
"1075","HoyleTaylor","F","45","BartonZora","VioletPhoebe"
"1076","DanBeryl","F","0","HughesBill","FordRon"
"1077","Bishop","F","74","NahumBing","GreshamPenelope"
"1078","GreshamPenelope","F","37","EmilyIna","FitzGeraldHamiltion"
"1079","DunlopSean","M","29","BartonZora","EmilyIna"
"1080","HoyleTaylor","F","22","DanBeryl","VioletPhoebe"
"1081","DanBeryl","M","7","BruceGustave","MarionQuintina"
"1082","AdamAlbert","M","15","AdamAlbert","BartonZora"
"1083","ChaucerBeck","M","47","DunlopSean","HughesBill"
"1084","FordRon","M","47","ChristopherScott","HoyleTaylor"
"1085","FitzGeraldHamiltion","F","56","BartonZora","EdmundHeloise"
"1086","HoyleTaylor","M","42","HughesBill","BruceGustave"
"1087","HughesBill","M","27","FitzGeraldHamiltion","DanBeryl"
"1088","MarionQuintina","M","5","AdamAlbert","TrollpoeCaesar"
"1089","FordRon","F","28","HughesBill","VioletPhoebe"
"1090","HughesBill","F","86","HughesBill","Bishop"
"1091","AdamAlbert","M","64","HughesBill","VioletPhoebe"
"1092","MarionQuintina","M","75","AdamAlbert","BruceGustave"
"1093","MarionQuintina","F","1","DanBeryl","FordRon"
"1094","HoyleTaylor","M","67","DunlopSean","Bishop"
"1095","FordRon","F","83","GreshamPenelope","HoyleTaylor"
"1096","ChaucerBeck","F","87","HoyleTaylor","DanBeryl"
"1097","GreshamPenelope","F","46","FitzGeraldHamiltion","FordRon"
"1098","AdamAlbert","F","27","ChristopherScott","EmilyIna"
"1099","BartonZora","F","17","NahumBing","DunlopSean"
